0,0,0,0,0,0,0
0.441900635,0.178451688,0.721233233,0.360476191,0.4728283,0.3052466,-2.55E-05
0.440775733,0.176194299,0.735644187,0.351551355,0.466490966,0.290952406,-2.42E-05
0.408373724,0.14721581,0.865892717,0.307236256,0.441077947,0.228001494,7.48E-05
0.427901324,0.240383597,0.538558556,0.32702909,0.390426142,0.255746176,5.24E-06
0.44255772,0.18631882,0.478910558,0.391841066,0.439138884,0.368257141,-4.49E-08
0.429687859,0.167804015,0.661686647,0.316288279,0.393373721,0.230238971,7.00E-06
0.430947098,0.183375654,0.659490144,0.324662885,0.422936039,0.252826466,-4.04E-06
0.413562131,0.187908023,0.610308898,0.309080072,0.349644575,0.239430521,1.95E-05
0.410699283,0.176596204,0.674097667,0.284496218,0.333253868,0.206467213,-8.11E-06
0.409455423,0.164446468,0.847180355,0.316791983,0.483333333,0.218144391,3.38E-05
0.415850411,0.160522042,0.807761323,0.314061782,0.42963571,0.243212472,6.41E-05
0.425164556,0.154423343,0.583974801,0.396520592,0.534980759,0.329175134,-1.68E-05
0.410641898,0.146485138,0.659887965,0.379933526,0.529321214,0.304381098,-1.16E-05
0.421431837,0.158610535,0.840934903,0.271672013,0.329386259,0.191332858,0.000133021
0.443336098,0.173313769,0.750714126,0.360535984,0.460589285,0.323159581,1.73E-05
0.40427288,0.159207438,0.895013921,0.315360215,0.459292647,0.246238873,7.20E-05
0.442266846,0.166246212,0.910139705,0.32205076,0.474153556,0.259463157,4.06E-05
0.418266446,0.161303053,0.849115753,0.311865264,0.373619394,0.266823623,0.000100633
0.443324848,0.148439639,0.81851877,0.295886619,0.340606001,0.254565175,0.000182387
0.420336256,0.160697354,0.718203975,0.361061291,0.509224985,0.280771068,2.40E-05
0.432251455,0.155337913,0.685479796,0.363800213,0.50448203,0.285046267,1.75E-05
0.395731189,0.329383835,0.586920495,0.343855779,0.474132029,0.26421805,-1.36E-05
0.413574219,0.164083428,0.696495789,0.334631692,0.438688495,0.252529144,-2.01E-05
0.43520077,0.166316148,0.695780601,0.338358008,0.457260057,0.25604432,2.29E-06
0.393277636,0.154453771,0.667551063,0.2691886,0.333031209,0.183194613,0.000126109
0.398587994,0.118465259,0.681643617,0.268824125,0.358696702,0.18109822,0.00012207
0.388666609,0.154452799,0.780492311,0.332104402,0.445328956,0.258841301,4.86E-05
0.423009835,0.163055659,0.77958938,0.337573212,0.439175385,0.267983156,5.53E-05
0.403500306,0.128853802,0.816990557,0.290094548,0.433679857,0.200850692,8.11E-05
0.40162898,0.147692826,0.728928375,0.22259719,0.284485192,0.13211999,0.000115787
0.443392346,0.183792339,0.884353069,0.363883748,0.442258618,0.35299726,4.71E-05
0.43825905,0.165884998,0.685860548,0.352973519,0.469261663,0.301882202,4.19E-06
0.433582321,0.175452917,0.696842687,0.354682683,0.498759057,0.292598844,-4.16E-05
0.432062306,0.151754013,0.723977826,0.323724141,0.430224849,0.252199495,1.41E-05
0.437053785,0.164883737,0.757216749,0.294847466,0.344975176,0.243256752,6.89E-05
0.444129675,0.180273841,0.5674095,0.428118358,0.519917746,0.414443177,-2.68E-05
0.411794146,0.164260909,0.814011069,0.318481685,0.439291337,0.232661303,3.25E-05
0.454560822,0.155475392,0.498900126,0.414402711,0.530096271,0.364712719,-3.36E-05
0.4483411,0.166306649,0.657214625,0.340302366,0.45601497,0.259271734,-1.68E-05
0.439323874,0.17357257,0.643441698,0.356564929,0.469623775,0.282506202,9.78E-06
0.427605722,0.166242786,0.88477104,0.331034043,0.445079983,0.268293418,3.05E-05
0.39316119,0.161380678,0.88161102,0.304828075,0.453440244,0.215924237,5.37E-05
0.421547564,0.165580031,0.689872128,0.313384471,0.365269814,0.250149671,7.07E-05
0.433207194,0.149209161,0.807504437,0.302814753,0.423344556,0.223097274,7.81E-05
0.43817007,0.161117614,0.6603432,0.380557819,0.52133258,0.305233929,-2.31E-05
0.399784043,0.152550911,0.572040603,0.420570882,0.552899155,0.37059377,-2.29E-05
0.44602338,0.213930511,0.431952413,0.397810513,0.464405509,0.380651018,-1.77E-05
0.393033316,0.213267158,0.510104385,0.343819068,0.379751288,0.290334784,2.34E-05
0.417064831,0.169557833,0.668669906,0.340777767,0.473965634,0.252257194,-1.23E-05
0.39604929,0.187428508,0.646793365,0.347193116,0.485635615,0.264540938,8.53E-07
0.417257631,0.169280811,0.824314791,0.329944506,0.416638109,0.282551231,8.45E-05
0.42012377,0.160368452,0.851225745,0.320350632,0.405882981,0.264369037,8.22E-05
0.434783876,0.190227224,0.654525832,0.314631204,0.411555361,0.237095852,1.28E-05
0.44458295,0.17530914,0.744812371,0.387891343,0.485581701,0.369748074,6.49E-06
0.439558261,0.186066048,0.509283522,0.379682279,0.457631444,0.332867117,-1.04E-05
0.442175233,0.167626759,0.855483231,0.275097626,0.334321609,0.205124066,0.000112676
0.401957374,0.193401052,0.501878252,0.372061172,0.464075141,0.312452159,-1.59E-05
0.415309891,0.190513117,0.579419604,0.322787446,0.366125997,0.256252962,4.31E-05
0.397947603,0.147874974,0.846283797,0.307176687,0.49083059,0.202445206,3.90E-05
0.456415752,0.153129353,0.675788461,0.408682057,0.564231977,0.346980345,5.00E-06
0.426020723,0.144867452,0.575882841,0.416432773,0.553441784,0.368035485,-3.45E-05
0.412531415,0.159497549,0.593177077,0.351537188,0.445919231,0.291238598,-2.12E-05
0.406421138,0.157394828,0.826831638,0.316118502,0.450253505,0.225725974,5.65E-05
0.419937313,0.156658247,0.824576374,0.299225871,0.452947669,0.193864845,4.54E-05
0.407818005,0.168661619,0.79097495,0.329736343,0.469349985,0.244181899,-4.29E-06
0.42405593,0.19473657,0.624052609,0.365501179,0.484987775,0.29723789,-1.93E-05
0.43662612,0.176751155,0.595227455,0.370437487,0.412777889,0.359628176,-1.97E-05
0.468393363,0.175879609,0.580715269,0.352082615,0.383494777,0.312788436,2.68E-05
0.40865293,0.273701522,0.490631971,0.318773442,0.357967766,0.256137878,6.35E-05
0.442778225,0.173623373,0.542837076,0.37948375,0.438529131,0.326874123,-3.20E-05
0.414608346,0.163481634,0.670256491,0.310554265,0.381017618,0.230552928,1.11E-05
0.401734476,0.199095767,0.651391587,0.303414154,0.372163062,0.218207685,4.74E-05
0.423097738,0.14709531,0.768278488,0.381164895,0.57199701,0.294938615,-9.84E-06
0.413135544,0.155471787,0.741479432,0.332186396,0.480864087,0.242968855,1.68E-05
0.397427428,0.154524351,0.85517985,0.30127924,0.416407267,0.220154033,3.70E-05
0.414434336,0.157583229,0.872566956,0.294896878,0.414870513,0.209481198,5.97E-05
0.42217479,0.084260694,0.843590665,0.383922263,0.556375017,0.347568811,-3.84E-06
0.427582745,0.166577657,0.57116964,0.390480939,0.524296884,0.336838801,3.40E-05
0.412780762,0.161619284,0.725549601,0.341298975,0.43590251,0.270039652,5.04E-05
0.419498578,0.160955392,0.725280044,0.338366759,0.428537541,0.278833367,2.85E-05
0.427764354,0.231912665,0.489202492,0.384961267,0.4723377,0.346857707,-4.00E-05
0.408283129,0.184211716,0.624266725,0.35051087,0.458686514,0.27569064,-6.19E-06
0.403555298,0.15175138,0.822528181,0.295125161,0.403645759,0.223559271,9.66E-05
0.40737945,0.18367338,0.67199152,0.287911539,0.348875367,0.19252427,6.10E-06
0.38742604,0.095584391,0.513846065,0.284834873,0.327244314,0.197170736,3.83E-05
0.443542361,0.176578193,0.739722263,0.266699473,0.31055974,0.190072707,5.73E-05
0.41301449,0.168325477,0.745867486,0.322166009,0.44604178,0.236987918,-2.63E-05
0.409895953,0.17733458,0.625220175,0.31311282,0.382300373,0.238709304,9.87E-06
0.420201859,0.148685366,0.912477246,0.263278019,0.39501063,0.16332209,4.77E-05
0.423971139,0.15188835,0.863018126,0.275741398,0.374438132,0.188099775,5.57E-05
0.416472072,0.175580866,0.789001031,0.319212102,0.419950717,0.235995065,5.62E-06
0.42766975,0.170541113,0.777655867,0.311169194,0.426686545,0.216372531,-2.23E-06
0.416708434,0.162818355,0.728461247,0.316843384,0.393841074,0.234790937,5.24E-05
0.435573204,0.162144425,0.786233326,0.309163202,0.389158032,0.220946533,7.00E-05
0.465711526,0.196609347,0.580223457,0.405305391,0.569895157,0.333904984,2.03E-05
0.421287926,0.169139952,0.704577203,0.341499673,0.429848181,0.297414757,1.69E-05
0.450511379,0.17613108,0.48966434,0.43169059,0.525134547,0.413162202,-5.03E-05
0.443219652,0.173506329,0.869874573,0.367362078,0.480828065,0.321309138,4.07E-05
0.429479861,0.174640895,0.867808727,0.357437568,0.481049257,0.311010174,3.11E-05
0.420845301,0.167414093,0.721859786,0.320482157,0.39101929,0.258037073,2.52E-05
0.417818556,0.15772907,0.659991051,0.346322482,0.470745386,0.278091296,-8.68E-07
0.476164874,0.165070388,0.606141573,0.386884966,0.51015447,0.329303113,-6.77E-05
0.37969504,0.166020083,0.670889178,0.270898662,0.335924949,0.184173016,4.80E-05
0.41205576,0.184904286,0.59207837,0.369584207,0.454347169,0.313509444,1.32E-05
0.436542765,0.164776402,0.772175104,0.315991061,0.440839296,0.221338818,-3.77E-05
0.41532132,0.14255953,0.904643938,0.364826891,0.563300219,0.286975786,1.82E-05
0.451177919,0.159728017,0.894092709,0.313301505,0.445671426,0.239441711,3.76E-05
0.43420099,0.167503103,0.721441755,0.354527432,0.486039121,0.277063766,-3.41E-05
0.435442397,0.154549288,0.933693471,0.36905528,0.535616527,0.297208958,4.61E-05
0.425607419,0.164897275,0.882122713,0.334495111,0.448521752,0.27084195,5.30E-05
0.422524127,0.159224402,0.884625244,0.304260329,0.410745015,0.226010431,5.76E-05
0.403046672,0.162058138,0.696034271,0.318119214,0.432283873,0.22331905,-3.61E-06
0.427505673,0.170631469,0.550804722,0.370158117,0.457319342,0.312096944,-2.57E-05
0.453471763,0.180346725,0.786183346,0.363853858,0.450997581,0.320241846,9.26E-06
0.404105033,0.196021734,0.618133141,0.303502565,0.35993953,0.251541317,-7.29E-06
0.404078166,0.172477947,0.637150095,0.387438516,0.526070434,0.326419352,-4.73E-05
0.387934546,0.161783316,0.713245422,0.341961191,0.44638271,0.268572041,4.24E-05
0.43257171,0.170709199,0.750978597,0.336425452,0.444550727,0.263765372,-2.10E-05
0.429158289,0.163066385,0.663232945,0.331249865,0.403867909,0.272673154,5.40E-05
0.420384725,0.172746666,0.778253623,0.340637596,0.455898569,0.269088147,9.69E-06
0.435103473,0.225355201,0.545325784,0.356173422,0.434912184,0.287320844,3.59E-07
0.408419201,0.171702247,0.716075852,0.263518838,0.319054637,0.176429629,1.57E-05
0.443042531,0.162295293,0.69347244,0.350968604,0.452315207,0.284170577,-1.04E-05
0.454170496,0.188141587,0.964753723,0.24206709,0.301374383,0.15362133,3.54E-05
0.405630014,0.163724204,0.722794522,0.342204943,0.42631272,0.297834254,3.20E-05
0.420563402,0.177907069,0.605169528,0.359246617,0.423584284,0.293193847,3.36E-05
0.434078441,0.147264757,0.815969804,0.266249503,0.345959398,0.190547794,0.000142341
0.390268363,0.164923141,0.776948562,0.359004496,0.543212442,0.279960842,-7.03E-06
0.437723855,0.166073818,0.79991865,0.325023561,0.477489187,0.219719412,-4.26E-05
0.391710947,0.15973777,0.820128302,0.268700454,0.345893366,0.172079722,5.13E-05
0.472137571,0.161933899,0.895665307,0.408676866,0.505039499,0.403768876,4.04E-07
0.388083664,0.182915602,0.823455541,0.32021055,0.470837597,0.23017237,3.46E-05
0.436088831,0.132085314,0.926103001,0.347903712,0.558183064,0.245973894,1.69E-06
0.429289994,0.164406466,0.625352179,0.342961121,0.411213175,0.271991281,9.93E-06
0.413067926,0.17409282,0.589492783,0.340720038,0.418850678,0.272626151,-2.66E-05
0.4256885,0.173445324,0.852833004,0.322566388,0.377444787,0.280915264,0.000101695
0.420088944,0.170003465,0.83946412,0.343886147,0.409838374,0.312356762,5.61E-05
0.413559139,0.167791569,0.668965508,0.30948223,0.3958697,0.213350109,-3.92E-05
0.399486946,0.157028512,0.746972207,0.276643162,0.352388674,0.166147075,1.48E-06
0.408292045,0.159014937,0.720874382,0.290446203,0.353441515,0.191224521,-7.05E-06
0.42736589,0.155297178,0.680638721,0.354042831,0.501805997,0.254016562,2.12E-05
0.425504856,0.17911718,0.678788862,0.332741307,0.400947481,0.254992556,-1.20E-06
0.415463855,0.184791819,0.672988562,0.310693344,0.355642296,0.232563468,8.23E-06
0.425126139,0.192074121,0.477815785,0.354360453,0.42541459,0.304009441,2.59E-05
0.41513624,0.190522781,0.623958932,0.287710347,0.329934692,0.199152614,8.59E-06
0.381578154,0.214735024,0.545790369,0.266172805,0.251831399,0.194678797,4.30E-05
0.379390941,0.284637152,0.493866625,0.256338995,0.23611691,0.175978044,5.99E-05
0.42143441,0.400104717,0.49191706,0.260781801,0.246551379,0.185967045,4.86E-05
0.385401228,0.261902723,0.552497609,0.266796591,0.263269342,0.192594895,3.24E-05
0.439842733,0.193450299,0.621956635,0.29831362,0.317539395,0.230534198,1.73E-05
0.432075351,0.211185156,0.625690819,0.301485907,0.316218926,0.228411312,3.28E-05
0.430128988,0.180560662,0.727030436,0.270045666,0.301070987,0.189318698,7.60E-05
0.442076081,0.152310525,0.849153182,0.269768375,0.333365781,0.200965388,0.000119961
0.408216589,0.131519168,0.818712377,0.268493129,0.343554328,0.183659108,4.61E-05
0.404153981,0.150243393,0.806412267,0.237728194,0.297863665,0.142876629,4.46E-05
0.42100112,0.195002043,0.567350186,0.33562459,0.4129665,0.260712747,2.82E-05
0.392340028,0.176790006,0.684814528,0.263839198,0.295998038,0.170318319,1.09E-06
0.409788543,0.187530159,0.570155409,0.335823059,0.401889038,0.274123009,-4.83E-06
0.391949224,0.172307362,0.697153249,0.234757382,0.258450258,0.148221678,4.02E-06
0.4397364,0.157024817,0.851182392,0.322661396,0.399881355,0.259520078,4.18E-05
0.401972572,0.168624025,0.674076664,0.247020916,0.282379135,0.164521849,-3.98E-06
0.43626703,0.136927242,0.721917022,0.398629611,0.599346056,0.328333133,3.01E-05
0.403899728,0.149473303,0.735719464,0.306461155,0.422228495,0.217460902,3.19E-05
0.431265857,0.164759213,0.853450102,0.321571589,0.466714597,0.231222115,-4.35E-06
0.427016973,0.1646698,0.845754272,0.335161067,0.461433246,0.251720698,8.75E-06
0.409805298,0.167448306,0.697304744,0.288614236,0.357354647,0.2002575,2.12E-05
0.424467498,0.136999572,0.650541238,0.3119482,0.370515906,0.238808995,-1.41E-05
0.380301023,0.234048178,0.657354647,0.232154113,0.245070469,0.144502528,2.71E-05
0.401461912,0.190727922,0.672028755,0.246453588,0.273959455,0.154748356,-1.48E-06
0.40575747,0.165455298,0.668850888,0.263369377,0.28501554,0.18387324,4.64E-05
0.418445722,0.173003133,0.661784797,0.249315,0.266210534,0.16826486,5.36E-05
0.414523555,0.159733372,0.739989771,0.288968614,0.374098849,0.189723475,7.09E-06
0.403879323,0.159036659,0.728100451,0.285787141,0.367755815,0.193140381,-9.33E-06
0.423561665,0.214549674,0.591786762,0.295849176,0.309874366,0.214587627,3.62E-05
0.442003138,0.189203375,0.629888632,0.288425012,0.310841833,0.207241851,2.01E-05
0.404014498,0.16062471,0.715577608,0.289603873,0.353235671,0.203492557,2.14E-05
0.36411067,0.200638266,0.647448686,0.357175266,0.444629205,0.295685054,-4.36E-05
0.376966888,0.049712521,0.589615033,0.324083037,0.458504621,0.263332038,1.77E-05
0.368526683,0.075886192,0.346432435,0.321746901,0.36119096,0.27626811,3.59E-06
0.382860969,0.181659444,0.385594147,0.325416356,0.42835279,0.239884844,6.10E-06
0.360586129,0.065844412,0.437104274,0.353306265,0.505504578,0.294270175,7.05E-06
0.380911734,0.144783723,0.244425635,0.273416856,0.28009841,0.223359665,1.06E-05
0.39293925,0.057034691,0.575025371,0.341734658,0.472130914,0.308373141,1.53E-06
0.391820272,0.079145559,0.457333883,0.23781107,0.294290116,0.159543116,2.76E-05
0.38837011,0.196955782,0.576150632,0.350308153,0.438279186,0.284560364,1.26E-05
0.408325495,0.141760688,0.594108731,0.31329591,0.399714676,0.242100241,4.22E-05
0.382991118,0.043404957,0.603198003,0.284586304,0.395687328,0.211742955,2.13E-05
0.390823963,0.040649878,0.559220617,0.311173562,0.441684394,0.233267511,1.05E-05
0.378311756,0.057146544,0.539860684,0.295761049,0.370963452,0.251774777,2.89E-05
0.367509431,0.076222035,0.434014982,0.356768559,0.477779089,0.307905519,1.17E-05
0.364575854,0.046493949,0.621224557,0.374809953,0.579010937,0.317727497,-3.38E-06
0.377466538,0.053815311,0.582904786,0.357803674,0.517478225,0.3300576,8.53E-06
0.366661221,0.088057619,0.384292842,0.313802697,0.390372198,0.237584716,2.63E-05
0.376048369,0.079363879,0.316521992,0.326326467,0.363309045,0.274530044,2.45E-05
0.356956931,0.046067316,0.474891797,0.362242695,0.511504828,0.287930522,-4.59E-06
0.36588781,0.049012457,0.363414705,0.334288893,0.426675505,0.278894402,3.56E-06
0.361579446,0.080927277,0.322606165,0.383602232,0.491924376,0.323916342,1.51E-05
0.374582328,0.054982832,0.490819998,0.300506951,0.389938534,0.224055541,8.90E-06
0.380225088,0.086776554,0.452447899,0.284730724,0.359186958,0.201844967,1.99E-05
0.373614442,0.093830348,0.360376919,0.274175532,0.279977761,0.238855788,1.12E-05
0.380902758,0.032101575,0.489492678,0.336806907,0.473237356,0.255367503,-3.37E-06
0.371705598,0.201915202,0.24297056,0.353144253,0.41547874,0.304072227,2.26E-05
0.371386958,0.067601372,0.43749457,0.344599047,0.479256753,0.285571723,1.89E-05
0.35705716,0.044165697,0.477892094,0.31176487,0.429260194,0.232421217,4.31E-06
0.359054266,0.030342267,0.44301683,0.320303075,0.406265049,0.236801611,1.96E-06
0.382437612,0.031065503,0.570746029,0.271120842,0.389070548,0.172740009,4.43E-06
0.372585222,0.048739744,0.511024864,0.37603658,0.531120854,0.325542899,5.62E-06
0.377512913,0.045815172,0.562099921,0.356536985,0.518951865,0.297561451,1.24E-05
0.357004801,0.042640237,0.308590863,0.350906073,0.41529734,0.291915355,1.44E-05
0.387769213,0.036835854,0.42756943,0.305093219,0.388620025,0.225394948,2.54E-06
0.362658033,0.033453594,0.45685926,0.298155317,0.381722574,0.214503898,-3.58E-06
0.368692735,0.118894914,0.311044745,0.323242487,0.390940827,0.260259546,-1.99E-06
0.364016365,0.028138075,0.40983221,0.353062125,0.48640605,0.284052142,-4.37E-06
0.368588017,0.050987752,0.366956299,0.41108379,0.547155896,0.368364252,1.83E-05
0.377475514,0.039730266,0.613784072,0.279464587,0.374592127,0.190137601,1.01E-05
0.374634687,0.053158136,0.420622298,0.391831028,0.513313338,0.363099072,2.05E-05
0.369228288,0.086471722,0.377787302,0.358733562,0.47143637,0.304979302,-7.51E-06
0.374329511,0.032326089,0.513364036,0.31600822,0.444898403,0.228681303,-1.38E-06
0.383405498,0.029834089,0.497889306,0.324324455,0.454667514,0.235023214,2.16E-05
0.381115184,0.04120057,0.39316122,0.381107779,0.515957642,0.323882368,8.57E-06
0.381323123,0.033931762,0.51247979,0.297107068,0.39246509,0.213471985,-5.13E-06
0.364037308,0.028878111,0.479173039,0.317081227,0.431171133,0.230443289,1.12E-05
0.363735124,0.114204302,0.381236372,0.229871473,0.246176985,0.150846085,2.73E-05
0.377658021,0.043336188,0.590118872,0.299985429,0.434850072,0.234329957,2.10E-05
0.369180418,0.028050277,0.398847677,0.306316226,0.379394486,0.223059426,6.16E-06
0.386485679,0.03852928,0.447222826,0.345743097,0.458375504,0.286531037,2.71E-06
0.367700913,0.390075399,0.279630489,0.333520508,0.41551379,0.268638192,2.60E-05
0.363347671,0.085893803,0.22337473,0.370224104,0.414491347,0.354135281,1.10E-05
0.361320645,0.029442312,0.488748573,0.32835282,0.458925793,0.241621145,1.26E-05
0.351623834,0.079256993,0.430853466,0.300626882,0.402516085,0.214328317,4.43E-06
0.387318929,0.035447483,0.554667424,0.348337734,0.556121333,0.256529236,4.40E-06
0.366623822,0.038911273,0.578228146,0.350213982,0.54989093,0.270838958,2.64E-05
0.373686248,0.027912394,0.402068643,0.315240987,0.391798775,0.233872851,-6.15E-06
0.377602671,0.037635863,0.409640548,0.311476494,0.384728121,0.223308563,-1.35E-05
0.368459365,0.054929068,0.369323012,0.312430348,0.383809467,0.233702252,5.10E-06
0.360755172,0.045385772,0.585556778,0.389545845,0.591723588,0.329911131,4.49E-08
0.368115294,0.051728701,0.59931509,0.403729802,0.59538272,0.366114224,2.73E-05
0.360134349,0.030451487,0.435885859,0.276797126,0.33844603,0.191951946,2.62E-05
0.379554898,0.118146904,0.398477547,0.327101509,0.404565579,0.278221295,2.87E-05
0.354904474,0.05094419,0.50240673,0.311190796,0.403970935,0.2473025,4.43E-05
0.390518787,0.033674337,0.315507866,0.366022132,0.464639731,0.326233643,2.77E-05
0.36182628,0.040142643,0.597994786,0.342648181,0.518591368,0.257550198,5.76E-06
0.360581641,0.031022554,0.496209313,0.322987964,0.441954504,0.236046855,-9.29E-06
0.385900759,0.029787445,0.481628642,0.330704812,0.460013087,0.247265251,4.74E-06
0.380498849,0.042633087,0.626455718,0.335790193,0.533178427,0.253740707,2.77E-05
0.345818015,0.040009024,0.619211848,0.326691033,0.510981062,0.245237313,7.97E-06
0.384979248,0.069631913,0.331438641,0.327641596,0.417501906,0.261023966,1.61E-05
0.392683441,0.030377152,0.368169762,0.328357263,0.42403195,0.26430694,6.37E-06
0.360126869,0.035587071,0.423928414,0.352260634,0.453899982,0.287493134,-1.24E-05
0.38563747,0.038096379,0.378954001,0.371987511,0.474632757,0.32476482,1.18E-05
0.369593302,0.035629961,0.390873269,0.35105724,0.45090335,0.29709887,4.41E-06
0.369853599,0.102298931,0.364971191,0.324947043,0.438663976,0.249592276,1.85E-05
0.391992307,0.120735453,0.279163031,0.366806045,0.450315782,0.321895315,-1.53E-06
0.374546425,0.046961496,0.421331308,0.356560741,0.464588764,0.311260358,2.14E-05
0.371772916,0.038949106,0.348583595,0.295622403,0.350453051,0.216969733,3.22E-06
0.37660337,0.033573166,0.404732035,0.327994926,0.412022146,0.260668257,4.92E-06
0.385057038,0.378859247,0.172661396,0.338215203,0.356169577,0.291179507,-4.46E-06
0.362867468,0.050122399,0.284815515,0.383991571,0.452691755,0.367719448,9.27E-07
0.371606864,0.033533059,0.320239677,0.387015504,0.506518525,0.33926432,-4.02E-06
0.373660817,0.034950092,0.514910889,0.286655037,0.369374713,0.199498509,8.75E-06
0.391214408,0.036485006,0.511973662,0.300640735,0.399206423,0.225355126,5.06E-06
0.373419967,0.04456081,0.568103775,0.354113695,0.515902456,0.282544035,-7.02E-06
0.376815796,0.036263709,0.546331189,0.34117656,0.49983715,0.259889835,9.56E-06
0.364219815,0.027193286,0.349453152,0.320528023,0.390361906,0.25373206,-3.39E-21
0.373391544,0.044310895,0.449343633,0.38441937,0.553991879,0.323771742,2.25E-05
0.369252224,0.041707102,0.4900494,0.374199602,0.544767118,0.31884239,-7.61E-06
0.381013459,0.350839951,0.22801593,0.299837808,0.324062213,0.233411811,1.02E-05
0.367551317,0.037263623,0.480514616,0.359331976,0.519505714,0.282948722,-2.86E-06
0.387182797,0.155141075,0.299995766,0.307862091,0.369499506,0.24808755,1.08E-05
0.377397724,0.097347484,0.349522086,0.341070901,0.439780306,0.280267274,1.22E-05
0.391296686,0.075928512,0.42540928,0.294510935,0.378932758,0.215178217,1.47E-05
0.368447397,0.039366359,0.547194387,0.289107469,0.393116416,0.208741416,1.92E-05
0.398157157,0.041905467,0.412125591,0.359991889,0.494108626,0.29564185,-2.90E-06
0.379291609,0.311802434,0.388559528,0.214422009,0.202867934,0.127240858,4.50E-05
0.353317261,0.03007624,0.490701593,0.335104385,0.482748922,0.255332393,-7.20E-06
0.377005783,0.082403774,0.36850915,0.303588613,0.371371385,0.222777124,4.85E-06
0.377252616,0.051024987,0.479462852,0.367682229,0.484287008,0.33128719,2.89E-05
0.346803852,0.073575682,0.488800707,0.359215246,0.415052047,0.352109961,3.06E-05
0.412780762,0.161619284,0.725549601,0.341298975,0.43590251,0.270039652,5.04E-05
0.373544132,0.044641487,0.465926675,0.309747344,0.405709719,0.232293941,2.28E-05
0.366484698,0.046598487,0.468112841,0.318688845,0.406180213,0.249627312,1.19E-05
0.373080384,0.033812863,0.549741019,0.358509886,0.574114482,0.256163908,3.49E-06
0.373164158,0.048707311,0.563477086,0.353692642,0.492246276,0.300391807,7.48E-06
0.379927392,0.051441118,0.49162267,0.360650006,0.471970861,0.321489386,7.46E-06
0.35066642,0.044426219,0.340885776,0.33016341,0.40774587,0.27470178,1.41E-05
0.36435146,0.040166773,0.349925396,0.327864808,0.399340985,0.270778327,3.48E-05
0.361332613,0.034507243,0.44792835,0.33522828,0.48006161,0.259930076,5.21E-06
0.385042078,0.03282007,0.486115774,0.33030955,0.472583756,0.248190472,1.96E-05
0.377955717,0.045960774,0.431312217,0.359872601,0.465479817,0.325386975,3.29E-06
0.346770941,0.040759247,0.385413301,0.34699173,0.450419407,0.281786601,3.58E-06
0.374275656,0.036758318,0.401214914,0.337010163,0.433719261,0.259183562,-2.65E-06
0.372695923,0.034849982,0.371259383,0.340840388,0.436210423,0.270029345,-1.03E-05
0.365117391,0.049768844,0.482282541,0.361125587,0.479923847,0.329921049,8.14E-06
0.372820088,0.04329264,0.457464151,0.357218185,0.49150437,0.308579538,2.41E-05
0.374335495,0.033513926,0.365887691,0.329776764,0.41206315,0.267312233,-1.17E-05
0.360629512,0.40638881,0.21595833,0.317882134,0.340974681,0.258420099,2.24E-05
0.372636084,0.02916001,0.485838482,0.331552902,0.463585528,0.245821381,1.27E-05
0.382989622,0.042043813,0.453478585,0.264821311,0.333666678,0.166243011,1.52E-05
0.356011484,0.048092921,0.441786328,0.328061975,0.444083569,0.259868831,3.31E-05
0.359260709,0.053151927,0.441201588,0.329883142,0.39953908,0.281431191,6.25E-06
0.385335286,0.04041932,0.563026503,0.331432731,0.4662361,0.258635427,2.30E-05
0.35787545,0.042428394,0.51127988,0.34422778,0.465135163,0.282718225,1.17E-05
0.389278636,0.03752603,0.429766891,0.38381771,0.531091952,0.32299121,2.99E-07
0.361984851,0.036999317,0.48853112,0.37764185,0.541435795,0.308578746,1.48E-06
0.366578944,0.05809374,0.423948071,0.333084062,0.461600958,0.245695092,1.36E-05
0.369506537,0.054230365,0.374711504,0.373537535,0.522930235,0.313945651,-1.69E-05
0.374770819,0.0512552,0.413059519,0.379964282,0.501049266,0.336575048,-6.73E-06
0.376800836,0.078902809,0.405797756,0.341068986,0.450728413,0.279553582,2.11E-05
0.379408294,0.066948505,0.431552692,0.335698775,0.440422911,0.271818333,1.48E-05
0.379884009,0.054467893,0.373954474,0.369149017,0.496141636,0.309191057,-2.18E-06
0.383016549,0.03089278,0.417250435,0.330788646,0.450308437,0.254125423,-8.26E-06
0.365926705,0.353792123,0.229915395,0.325748025,0.370639382,0.264875764,2.34E-05
0.37265254,0.047076177,0.491198297,0.362967936,0.498215664,0.313268235,4.85E-06
0.375219607,0.051086112,0.50428582,0.357533833,0.46590832,0.312627022,1.85E-05
0.361800848,0.029109012,0.453030007,0.314172603,0.422834404,0.236803436,4.11E-06
0.376797844,0.043549661,0.586125617,0.350090251,0.500410058,0.279880374,7.93E-07
0.369777305,0.040737436,0.576924163,0.343253596,0.488836086,0.265112365,1.56E-05
0.373542636,0.067163595,0.387682836,0.311734562,0.39438885,0.239297695,5.88E-06
0.414030606,0.161719498,0.781048539,0.337627186,0.490758305,0.245931947,7.84E-06
0.400725361,0.159875234,0.85192898,0.32614058,0.414002751,0.277505538,0.000113409
0.401026228,0.152730276,0.839881478,0.311563454,0.412813628,0.254908902,7.29E-05
0.44568284,0.150331998,0.831896688,0.289602616,0.404837889,0.201210785,0.000117538
0.409172986,0.253586533,0.597139695,0.326485623,0.427434315,0.235444611,5.24E-05
0.416001084,0.161251053,0.676382416,0.324674225,0.410432494,0.253207293,5.31E-05
0.393101292,0.238425281,0.566879422,0.346253593,0.474769308,0.28403609,1.80E-05
0.408247226,0.190820836,0.635054854,0.331055301,0.468769627,0.2594546,1.75E-05
0.423009835,0.163055659,0.77958938,0.337573212,0.439175385,0.267983156,5.53E-05
0.437587484,0.168876259,0.715045645,0.31564358,0.397726964,0.232820294,4.56E-05
0.452534754,0.181440959,0.624940132,0.397745963,0.50517819,0.347805996,-2.88E-05
0.422086888,0.177314265,0.673737934,0.372064149,0.506598768,0.297797125,-4.42E-05
0.384034041,0.170648867,0.611760966,0.353542807,0.461809315,0.265612075,5.16E-06
0.406428438,0.172466577,0.890185308,0.360043814,0.494585,0.31258684,2.81E-05
0.43817007,0.161117614,0.6603432,0.380557819,0.52133258,0.305233929,-2.31E-05
0.423220047,0.156386417,0.65601669,0.362350299,0.491407507,0.287519956,3.99E-05
0.390614648,0.183494433,0.506493243,0.408002128,0.531574399,0.362102284,-1.65E-05
0.371754964,0.127830087,0.588286965,0.278053149,0.316230564,0.190742149,8.77E-05
0.419788256,0.159946546,0.650613358,0.370045112,0.444585284,0.342992147,9.54E-05
0.38531183,0.130167269,0.745986026,0.300672239,0.427718667,0.204707247,8.20E-05
0.421463252,0.16109679,0.671963112,0.321618533,0.406492211,0.250892998,7.07E-05
0.388939771,0.166317988,0.638765193,0.362282802,0.46135203,0.305451741,2.77E-05
0.415615605,0.158482914,0.724229222,0.341337182,0.434583193,0.288552856,8.24E-05
0.414732451,0.169682297,0.619691198,0.373002984,0.496419076,0.312145936,-5.51E-06
0.415760893,0.15549662,0.706649646,0.29741546,0.380302968,0.212530069,6.38E-05
0.397273165,0.161330863,0.704057207,0.329186742,0.48136118,0.249480708,-7.48E-06
0.387082867,0.18399715,0.635837121,0.322612403,0.39830228,0.235292562,1.02E-05
0.39174697,0.154825293,0.682189508,0.277579693,0.319235274,0.179887809,3.05E-05
0.426396628,0.149435889,0.782836091,0.311089639,0.471974661,0.217583241,3.37E-05
0.392674285,0.155739384,0.835174007,0.334871943,0.50535202,0.273272316,3.83E-05
0.402812045,0.161447862,0.751842155,0.32883781,0.423258284,0.257350697,4.27E-05
0.406667672,0.163030437,0.734838493,0.320863073,0.392093135,0.262273646,6.48E-05
0.422384644,0.161970355,0.556817492,0.388595686,0.491990467,0.337245522,7.82E-06
0.396911262,0.161325642,0.738984231,0.289893775,0.394081924,0.193729012,5.07E-05
0.4029696,0.173787599,0.669412022,0.334724591,0.417771298,0.246560235,-3.80E-06
0.444156362,0.176000259,0.673934503,0.391639425,0.56589698,0.322877712,-2.20E-05
0.413622987,0.182054856,0.637465204,0.371214983,0.502505254,0.296923589,9.96E-06
0.406557749,0.165098991,0.779107098,0.357337443,0.481621492,0.295854337,8.60E-06
0.413263358,0.153168368,0.884931048,0.374802593,0.554396491,0.308727369,1.96E-05
0.400246833,0.168666989,0.66461617,0.286952763,0.314439287,0.201709957,7.57E-05
0.390664733,0.16361449,0.720808201,0.394031809,0.562032198,0.342812587,2.06E-05
0.392343738,0.187031286,0.65142746,0.300362321,0.362313903,0.222215136,5.17E-05
0.414094693,0.156143817,0.786617444,0.348758727,0.511981755,0.25969159,2.06E-05
0.391922595,0.158646004,0.773168332,0.354312822,0.53199614,0.265243366,6.27E-06
0.428875493,0.160000281,0.925849301,0.404418482,0.573201168,0.378693824,2.48E-05
0.41454384,0.167133571,0.920883508,0.429706185,0.580159341,0.42455567,1.45E-06
0.399592381,0.188221591,0.588165672,0.355229082,0.410349363,0.311812861,3.64E-05
0.389432421,0.098528649,0.775025416,0.251835587,0.356614969,0.165733008,0.00010385
0.400602333,0.156468365,0.695850746,0.367026355,0.529365181,0.284207363,1.54E-05
0.434757547,0.149421752,0.672893778,0.390529408,0.561755865,0.322249125,-1.80E-06
0.421691536,0.151412784,0.696069381,0.339035797,0.484461586,0.24762853,4.99E-05
0.428255926,0.153762638,0.655111201,0.349308792,0.45246419,0.272585177,1.95E-05
0.411395563,0.170428646,0.689786455,0.329914811,0.461904952,0.245839736,2.92E-05
0.395600622,0.229607167,0.525415757,0.367110458,0.432013239,0.319494659,-7.23E-06
0.423850983,0.165864458,0.60665156,0.380025766,0.486682338,0.32022744,2.13E-05
0.356878483,0.478862658,0.397146232,0.286120067,0.27211199,0.232509972,2.33E-05
0.423097738,0.14709531,0.768278488,0.381164895,0.57199701,0.294938615,-9.84E-06
0.425950892,0.137560257,0.771200307,0.357283992,0.533265866,0.289496179,1.80E-05
0.40560943,0.157422189,0.688701136,0.314619461,0.441452864,0.224880473,2.45E-05
0.404645254,0.163150728,0.766553093,0.311545787,0.367495219,0.257851874,8.94E-05
0.395814544,0.159442408,0.695943361,0.304112079,0.392116831,0.215267092,-7.90E-06
0.402131025,0.143543109,0.811974021,0.376716718,0.589487427,0.283469899,-9.68E-06
0.39473506,0.165421789,0.649507455,0.364599729,0.51772081,0.284219809,-8.18E-06
0.40377664,0.15724589,0.730930538,0.357594389,0.539299266,0.258247031,-1.90E-06
0.390362788,0.191022372,0.543655814,0.346514743,0.420713118,0.287505311,-1.75E-06
0.375078209,0.322138543,0.589823958,0.281893412,0.33177761,0.202712085,5.70E-05
0.423278809,0.165819983,0.781229999,0.373890716,0.534038589,0.305923013,-3.74E-07
0.410239066,0.172720711,0.687009819,0.325624084,0.438728437,0.236739559,4.50E-06
0.428138523,0.178465451,0.627066594,0.342881206,0.423430918,0.274895717,3.43E-05
0.424795233,0.235783745,0.46367572,0.385525228,0.449639399,0.338220245,-1.44E-05
0.432037653,0.2464123,0.561129058,0.298738412,0.32981322,0.228863675,3.53E-05
0.418919941,0.229119529,0.578121918,0.303133826,0.344317283,0.235349633,5.57E-05
0.432251455,0.155337913,0.685479796,0.363800213,0.50448203,0.285046267,1.75E-05
0.407250977,0.161951013,0.785180933,0.339598547,0.461008708,0.274674973,2.11E-05
0.451011329,0.190117421,0.76470482,0.427917884,0.522772546,0.433509617,-1.48E-05
0.420478312,0.163819781,0.773119205,0.335578784,0.439994962,0.277479808,3.59E-05
0.424872006,0.160735934,0.711163435,0.357132033,0.494575665,0.286699407,-3.25E-06
0.391549503,0.213067029,0.714682186,0.332889243,0.475133051,0.240101833,5.83E-07
0.384763531,0.168112003,0.739220189,0.268075173,0.339398268,0.167537076,2.15E-05
0.411982218,0.183901903,0.800382996,0.387158024,0.46003406,0.373300276,5.26E-05
0.429686064,0.243450344,0.493061814,0.379043774,0.471212065,0.321290244,-3.30E-05
0.420989631,0.217155935,0.491431921,0.394728657,0.479940631,0.355575053,-9.90E-06
0.434520467,0.172198127,0.642364307,0.398537251,0.480278584,0.37596265,-2.69E-06
0.402701225,0.157177375,0.626601171,0.36227595,0.479117629,0.288355779,-3.29E-07
0.398921353,0.158864848,0.722711855,0.356692804,0.49566607,0.286663414,-5.82E-06
0.428094123,0.144695177,0.647009636,0.4053798,0.56999781,0.343337968,1.23E-05
0.410503911,0.218854583,0.659267904,0.371269047,0.54895398,0.273568082,-2.62E-05
0.418917727,0.166577418,0.650420275,0.316137591,0.387057854,0.237313155,1.56E-05
0.409097649,0.20849765,0.604305985,0.349225975,0.474903286,0.265976625,-5.97E-05
0.416170666,0.164347361,0.656527231,0.352457742,0.470607129,0.272411735,-2.28E-05
0.453394811,0.172678704,0.604034917,0.38253286,0.483262948,0.3316204,-4.77E-06
0.414437866,0.174035001,0.796360674,0.339235343,0.440553239,0.2721823,1.59E-05
0.454493863,0.172144617,0.747816153,0.357050697,0.460990906,0.296862883,-5.73E-06
0.410814532,0.167947388,0.782502373,0.323168033,0.430149737,0.231911902,-2.02E-05
0.382906566,0.197254585,0.689548537,0.297904893,0.348319529,0.230970749,3.39E-05
